{
	"ZipCode": "60647",
	"SearchRadius": 20,
	"SearchTerms": "",
	"SearchResults": [
		{
			"Id": 7847491,
			"Name": "John E.",
			"Title": "Awesome Math and Test Prep Tutor",
			"Desc": "I've been tutoring and teaching mathematics and test prep for 15 years. I've taught math and test prep on two continents. I have two years classroom experience at the high school level, so I know exactly what high school teachers expect. I taught Algebra 1 and 2...",
			"Distance": 3.9,
			"City": "Chicago",
			"State": "IL",
			"Zipcode": "60640",
			"HourlyRate": 65,
			"IsOnline": true,
			"Subjects": ["Algebra 1", "Philosophy"],
			"RatingCount": 100,
			"StarRating": 4.9,
			"Rank": 44
		},
		{
			"Id": 8493257,
			"Name": "Aaron B.",
			"Title": "Social Sciences, Study Skills, and Testing Skills",
			"Desc": "As a trained clinician with a Master's in clinical psychology, emphasizing youth development, I bring diverse experiences to education. Having worked with youth who have various educational and behavioral challenges, I work with each individual student on their individualized...",
			"Distance": 6.6,
			"City": "Chicago",
			"State": "IL",
			"Zipcode": "60626",
			"HourlyRate": 40,
			"IsOnline": false,
			"Subjects": ["Philosophy", "Algebra 1", "Biology"],
			"RatingCount": 9,
			"StarRating": 4.6,
			"Rank": 85
		},
		{
			"Id": 8467660,
			"Name": "Elizabeth F.",
			"Title": "Certified Teacher Offering Mathematics Tutoring",
			"Desc": "Since graduating summa cum laude in mathematics education, my passion for teaching math has only grown stronger.  I have two and a half years experience teaching high school math and three and a half years experience tutoring college math. Some of my favorite moments...",
			"Distance": 1.6,
			"City": "Chicago",
			"State": "IL",
			"Zipcode": "60618",
			"HourlyRate": 60,
			"IsOnline": true,
			"Subjects": ["Spanish", "Trigonometry", "Chemistry"],
			"RatingCount": 48,
			"StarRating": 5,
			"Rank": 76
		},
		{
			"Id": 7681719,
			"Name": "Barbara J H.",
			"Title": "Award Winning Educator, Published  Author, Highly Effective Tutor",
			"Desc": "Hello, I am Barbara J., a former high school English teacher who has a law degree that is quite helpful to me in many ways, even in tutoring. I taught all levels of juniors and seniors for 10 plus years; this included students who took Advanced Placement English...",
			"Distance": 6,
			"City": "River Forest",
			"State": "IL",
			"Zipcode": "60305",
			"HourlyRate": 70,
			"IsOnline": true,
			"Subjects": ["Chemistry", "Reading", "Philosophy", "Spanish"],
			"RatingCount": 144,
			"StarRating": 5,
			"Rank": 91
		},
		{
			"Id": 8490923,
			"Name": "Emily W.",
			"Title": "English Tutor specializing in ESL",
			"Desc": "I am interested in tutoring students at all levels in English (reading, writing and comprehension) and in test preparation such as ACT test prep and TOEFL.  I co-owned a language school in Prague, Czech Republic with my husband and taught writing and TOEFL at Northern...",
			"Distance": 6,
			"City": "Chicago",
			"State": "IL",
			"Zipcode": "60645",
			"HourlyRate": 30,
			"IsOnline": false,
			"Subjects": ["Trigonometry", "Algebra 1", "Spanish", "Literature", "Philosophy"],
			"RatingCount": 19,
			"StarRating": 5,
			"Rank": 73
		},
		{
			"Id": 9688,
			"Name": "Evan S.",
			"Title": "Talented Math,  Music Tutor",
			"Desc": "Greetings, My name is Evan. I was a student at the University of Illinois at Chicago studying Biomedical Engineering. I graduated from Whitney M. Young high school, one of the leading high schools in Chicago. I was a part of their Academic Decathlon team, a...",
			"Distance": 3.6,
			"City": "Chicago",
			"State": "IL",
			"Zipcode": "60610",
			"HourlyRate": 50,
			"IsOnline": true,
			"Subjects": ["Philosophy", "Trigonometry"],
			"RatingCount": 83,
			"StarRating": 4.9,
			"Rank": 75
		},
		{
			"Id": 8111313,
			"Name": "Kathleen K.",
			"Title": "Term Paper, Thesis and Dissertation Writer",
			"Desc": "Dear Prospective Students, As your dedicated tutor, I am excited to help you learn to write well and to express your ideas clearly and concisely. I have done so for students from grammar school through doctoral level programs for the past 25+ years as a teacher,...",
			"Distance": 5.8,
			"City": "Lincolnwood",
			"State": "IL",
			"Zipcode": "60712",
			"HourlyRate": 46,
			"IsOnline": false,
			"Subjects": ["Chemistry", "Spanish", "Accounting", "Literature", "Geometry"],
			"RatingCount": 20,
			"StarRating": 4.9,
			"Rank": 37
		},
		{
			"Id": 7890423,
			"Name": "Jordan V.",
			"Title": "Physics and Math Tutor for All Types of Learners",
			"Desc": "Discover how you too can think like a physicist! As a student myself, I realize that physics and mathematics can often appear as the most daunting of school subjects.  And the puzzles posed by such demand a knack for creativity and the resolve for intense contemplation...",
			"Distance": 4.8,
			"City": "Chicago",
			"State": "IL",
			"Zipcode": "60640",
			"HourlyRate": 55,
			"IsOnline": true,
			"Subjects": ["Trigonometry", "Algebra 1", "Reading", "Philosophy"],
			"RatingCount": 318,
			"StarRating": 4.9,
			"Rank": 75
		},
		{
			"Id": 8140762,
			"Name": "Elizabeth M.",
			"Title": "Be Your Best Writer and Thinker",
			"Desc": "Let me show you how to be your very best. Before committing, let's set up a brief meet and greet, to see if we are a good fit. Charges would only begin at an actual tutoring session. I have extensive tutoring experience with college students, as well as high school...",
			"Distance": 0.8,
			"City": "Chicago",
			"State": "IL",
			"Zipcode": "60647",
			"HourlyRate": 35,
			"IsOnline": true,
			"Subjects": ["Writing"],
			"RatingCount": 7,
			"StarRating": 4.4,
			"Rank": 52
		},
		{
			"Id": 7550116,
			"Name": "Stephen E.",
			"Title": "Stephen",
			"Desc": "Hi!  My name is Stephen and teaching is what I love to do.  I have over six years' experience tutoring and teaching students of all ages, and I'm always ready for a new assignment. I have done most of my work in the United States through the Huntington Learning...",
			"Distance": 1,
			"City": "Chicago",
			"State": "IL",
			"Zipcode": "60618",
			"HourlyRate": 40,
			"IsOnline": false,
			"Subjects": ["Writing", "Literature", "Geometry", "Finance"],
			"RatingCount": 34,
			"StarRating": 4.6,
			"Rank": 49
		}
	]
}